reads,Q_score
AATAGGATTACCATGAAATACGGGCTACGACATAC,13
AATAGGATTACCATGACATACGGGCTACGACATAC,39
AATAGGATTACCATGAAATACGGGCTACGACATAC,39
AATAGGATTACCATGACATACGGGCTACGACATAC,3
AATAGGATTACCATGAAATACGGGCTACGACATAC,2
AATAGGATTACCATGACATACGGGCTACGACATAC,19
AATAGGATTACCATGAAATACGGGCTACGACATAC,36
AATAGGATTACCATGAAATACGGGCTACGACATAC,42
AATAGGATTACCATGACATACGGGCTACGACATAC,32
AATAGGATTACCATGACATACGGGCTACGACATAC,39
AATAGGATTACCATGACATACGGGCTACGACATAC,39
AATAGGATTACCATGAAATACGGGCTACGACATAC,8
AATAGGATTACCATGACATACGGGCTACGACATAC,42
AATAGGATTACCATGAAATACGGGCTACGACATAC,13
AATAGGATTACCATGACATACGGGCTACGACATAC,35
AATAGGATTACCATGAAATACGGGCTACGACATAC,12
AATAGGATTACCATGACATACGGGCTACGACATAC,15
AATAGGATTACCATGAAATACGGGCTACGACATAC,42
AATAGGATTACCATGAAATACGGGCTACGACATAC,48
AATAGGATTACCATGAAATACGGGCTACGACATAC,21
AATAGGATTACCATGACATACGGGCTACGACATAC,16
AATAGGATTACCATGAAATACGGGCTACGACATAC,37
AATAGGATTACCATGAAATACGGGCTACGACATAC,9
AATAGGATTACCATGAAATACGGGCTACGACATAC,38
AATAGGATTACCATGACATACGGGCTACGACATAC,7
AATAGGATTACCATGACATACGGGCTACGACATAC,16
AATAGGATTACCATGAAATACGGGCTACGACATAC,9
AATAGGATTACCATGAAATACGGGCTACGACATAC,5
AATAGGATTACCATGAAATACGGGCTACGACATAC,22
AATAGGATTACCATGACATACGGGCTACGACATAC,32
AATAGGATTACCATGAAATACGGGCTACGACATAC,22
AATAGGATTACCATGACATACGGGCTACGACATAC,4
AATAGGATTACCATGAAATACGGGCTACGACATAC,31
AATAGGATTACCATGAAATACGGGCTACGACATAC,8
AATAGGATTACCATGAAATACGGGCTACGACATAC,22
AATAGGATTACCATGACATACGGGCTACGACATAC,16
AATAGGATTACCATGAAATACGGGCTACGACATAC,30
AATAGGATTACCATGAAATACGGGCTACGACATAC,2
AATAGGATTACCATGACATACGGGCTACGACATAC,20
AATAGGATTACCATGAAATACGGGCTACGACATAC,15
AATAGGATTACCATGAAATACGGGCTACGACATAC,30
AATAGGATTACCATGAAATACGGGCTACGACATAC,27
AATAGGATTACCATGACATACGGGCTACGACATAC,9
AATAGGATTACCATGACATACGGGCTACGACATAC,23
AATAGGATTACCATGACATACGGGCTACGACATAC,3
AATAGGATTACCATGAAATACGGGCTACGACATAC,31
AATAGGATTACCATGACATACGGGCTACGACATAC,4
AATAGGATTACCATGACATACGGGCTACGACATAC,14
AATAGGATTACCATGACATACGGGCTACGACATAC,42
AATAGGATTACCATGACATACGGGCTACGACATAC,6
AATAGGATTACCATGACATACGGGCTACGACATAC,7
AATAGGATTACCATGAAATACGGGCTACGACATAC,39
AATAGGATTACCATGAAATACGGGCTACGACATAC,28
AATAGGATTACCATGACATACGGGCTACGACATAC,36
AATAGGATTACCATGACATACGGGCTACGACATAC,12
AATAGGATTACCATGAAATACGGGCTACGACATAC,33
AATAGGATTACCATGACATACGGGCTACGACATAC,17
AATAGGATTACCATGAAATACGGGCTACGACATAC,48
AATAGGATTACCATGACATACGGGCTACGACATAC,14
AATAGGATTACCATGAAATACGGGCTACGACATAC,28
AATAGGATTACCATGAAATACGGGCTACGACATAC,39
AATAGGATTACCATGAAATACGGGCTACGACATAC,19
AATAGGATTACCATGAAATACGGGCTACGACATAC,25
AATAGGATTACCATGAAATACGGGCTACGACATAC,12
AATAGGATTACCATGACATACGGGCTACGACATAC,21
AATAGGATTACCATGAAATACGGGCTACGACATAC,21
AATAGGATTACCATGAAATACGGGCTACGACATAC,44
AATAGGATTACCATGACATACGGGCTACGACATAC,15
AATAGGATTACCATGACATACGGGCTACGACATAC,37
AATAGGATTACCATGACATACGGGCTACGACATAC,34
AATAGGATTACCATGACATACGGGCTACGACATAC,17
AATAGGATTACCATGACATACGGGCTACGACATAC,3
AATAGGATTACCATGACATACGGGCTACGACATAC,15
AATAGGATTACCATGAAATACGGGCTACGACATAC,30
AATAGGATTACCATGACATACGGGCTACGACATAC,36
AATAGGATTACCATGAAATACGGGCTACGACATAC,7
AATAGGATTACCATGAAATACGGGCTACGACATAC,4
AATAGGATTACCATGAAATACGGGCTACGACATAC,35
AATAGGATTACCATGACATACGGGCTACGACATAC,10
AATAGGATTACCATGACATACGGGCTACGACATAC,2
AATAGGATTACCATGAAATACGGGCTACGACATAC,17
AATAGGATTACCATGAAATACGGGCTACGACATAC,21
AATAGGATTACCATGACATACGGGCTACGACATAC,28
AATAGGATTACCATGAAATACGGGCTACGACATAC,27
AATAGGATTACCATGAAATACGGGCTACGACATAC,16
AATAGGATTACCATGACATACGGGCTACGACATAC,11
AATAGGATTACCATGAAATACGGGCTACGACATAC,14
AATAGGATTACCATGACATACGGGCTACGACATAC,34
AATAGGATTACCATGAAATACGGGCTACGACATAC,40
AATAGGATTACCATGAAATACGGGCTACGACATAC,39
AATAGGATTACCATGACATACGGGCTACGACATAC,23
AATAGGATTACCATGACATACGGGCTACGACATAC,29
AATAGGATTACCATGAAATACGGGCTACGACATAC,1
AATAGGATTACCATGAAATACGGGCTACGACATAC,43
AATAGGATTACCATGAAATACGGGCTACGACATAC,42
AATAGGATTACCATGAAATACGGGCTACGACATAC,43
AATAGGATTACCATGAAATACGGGCTACGACATAC,6
AATAGGATTACCATGACATACGGGCTACGACATAC,13
AATAGGATTACCATGAAATACGGGCTACGACATAC,32
AATAGGATTACCATGACATACGGGCTACGACATAC,18
AATAGGATTACCATGACATACGGGCTACGACATAC,8
AATAGGATTACCATGAAATACGGGCTACGACATAC,2
AATAGGATTACCATGAAATACGGGCTACGACATAC,25
AATAGGATTACCATGACATACGGGCTACGACATAC,37
AATAGGATTACCATGACATACGGGCTACGACATAC,2
AATAGGATTACCATGACATACGGGCTACGACATAC,28
AATAGGATTACCATGAAATACGGGCTACGACATAC,39
AATAGGATTACCATGAAATACGGGCTACGACATAC,4
AATAGGATTACCATGAAATACGGGCTACGACATAC,31
AATAGGATTACCATGACATACGGGCTACGACATAC,27
AATAGGATTACCATGAAATACGGGCTACGACATAC,9
AATAGGATTACCATGAAATACGGGCTACGACATAC,13
AATAGGATTACCATGACATACGGGCTACGACATAC,37
AATAGGATTACCATGACATACGGGCTACGACATAC,5
AATAGGATTACCATGACATACGGGCTACGACATAC,32
AATAGGATTACCATGACATACGGGCTACGACATAC,21
AATAGGATTACCATGACATACGGGCTACGACATAC,17
AATAGGATTACCATGAAATACGGGCTACGACATAC,21
AATAGGATTACCATGAAATACGGGCTACGACATAC,33
AATAGGATTACCATGACATACGGGCTACGACATAC,27
AATAGGATTACCATGAAATACGGGCTACGACATAC,44
AATAGGATTACCATGACATACGGGCTACGACATAC,28
AATAGGATTACCATGAAATACGGGCTACGACATAC,4
AATAGGATTACCATGACATACGGGCTACGACATAC,17
AATAGGATTACCATGAAATACGGGCTACGACATAC,17
AATAGGATTACCATGACATACGGGCTACGACATAC,11
AATAGGATTACCATGACATACGGGCTACGACATAC,10
AATAGGATTACCATGAAATACGGGCTACGACATAC,15
AATAGGATTACCATGACATACGGGCTACGACATAC,2
AATAGGATTACCATGACATACGGGCTACGACATAC,23
AATAGGATTACCATGAAATACGGGCTACGACATAC,25
AATAGGATTACCATGACATACGGGCTACGACATAC,23
AATAGGATTACCATGAAATACGGGCTACGACATAC,28
AATAGGATTACCATGACATACGGGCTACGACATAC,35
AATAGGATTACCATGAAATACGGGCTACGACATAC,7
AATAGGATTACCATGAAATACGGGCTACGACATAC,42
AATAGGATTACCATGAAATACGGGCTACGACATAC,10
AATAGGATTACCATGACATACGGGCTACGACATAC,20
AATAGGATTACCATGAAATACGGGCTACGACATAC,40
AATAGGATTACCATGACATACGGGCTACGACATAC,9
AATAGGATTACCATGACATACGGGCTACGACATAC,18
AATAGGATTACCATGACATACGGGCTACGACATAC,11
AATAGGATTACCATGAAATACGGGCTACGACATAC,20
AATAGGATTACCATGACATACGGGCTACGACATAC,47
AATAGGATTACCATGACATACGGGCTACGACATAC,11
AATAGGATTACCATGACATACGGGCTACGACATAC,30
AATAGGATTACCATGAAATACGGGCTACGACATAC,44
AATAGGATTACCATGACATACGGGCTACGACATAC,9
AATAGGATTACCATGACATACGGGCTACGACATAC,36
AATAGGATTACCATGACATACGGGCTACGACATAC,12
AATAGGATTACCATGACATACGGGCTACGACATAC,39
AATAGGATTACCATGACATACGGGCTACGACATAC,39
AATAGGATTACCATGAAATACGGGCTACGACATAC,31
AATAGGATTACCATGACATACGGGCTACGACATAC,9
AATAGGATTACCATGACATACGGGCTACGACATAC,46
AATAGGATTACCATGACATACGGGCTACGACATAC,12
AATAGGATTACCATGAAATACGGGCTACGACATAC,17
AATAGGATTACCATGAAATACGGGCTACGACATAC,2
AATAGGATTACCATGAAATACGGGCTACGACATAC,10
AATAGGATTACCATGAAATACGGGCTACGACATAC,1
AATAGGATTACCATGAAATACGGGCTACGACATAC,8
AATAGGATTACCATGACATACGGGCTACGACATAC,2
AATAGGATTACCATGAAATACGGGCTACGACATAC,43
AATAGGATTACCATGAAATACGGGCTACGACATAC,20
AATAGGATTACCATGACATACGGGCTACGACATAC,28
AATAGGATTACCATGAAATACGGGCTACGACATAC,20
AATAGGATTACCATGACATACGGGCTACGACATAC,45
AATAGGATTACCATGAAATACGGGCTACGACATAC,12
AATAGGATTACCATGACATACGGGCTACGACATAC,16
AATAGGATTACCATGAAATACGGGCTACGACATAC,30
AATAGGATTACCATGAAATACGGGCTACGACATAC,47
AATAGGATTACCATGAAATACGGGCTACGACATAC,17
AATAGGATTACCATGAAATACGGGCTACGACATAC,15
AATAGGATTACCATGAAATACGGGCTACGACATAC,24
AATAGGATTACCATGACATACGGGCTACGACATAC,44
AATAGGATTACCATGAAATACGGGCTACGACATAC,2
AATAGGATTACCATGACATACGGGCTACGACATAC,6
AATAGGATTACCATGAAATACGGGCTACGACATAC,12
AATAGGATTACCATGAAATACGGGCTACGACATAC,34
AATAGGATTACCATGACATACGGGCTACGACATAC,39
AATAGGATTACCATGACATACGGGCTACGACATAC,28
AATAGGATTACCATGACATACGGGCTACGACATAC,34
AATAGGATTACCATGAAATACGGGCTACGACATAC,16
AATAGGATTACCATGACATACGGGCTACGACATAC,2
AATAGGATTACCATGACATACGGGCTACGACATAC,2
AATAGGATTACCATGACATACGGGCTACGACATAC,13
AATAGGATTACCATGAAATACGGGCTACGACATAC,6
AATAGGATTACCATGAAATACGGGCTACGACATAC,36
AATAGGATTACCATGAAATACGGGCTACGACATAC,11
AATAGGATTACCATGAAATACGGGCTACGACATAC,16
AATAGGATTACCATGAAATACGGGCTACGACATAC,11
AATAGGATTACCATGAAATACGGGCTACGACATAC,5
AATAGGATTACCATGACATACGGGCTACGACATAC,12
AATAGGATTACCATGACATACGGGCTACGACATAC,37
AATAGGATTACCATGACATACGGGCTACGACATAC,15
AATAGGATTACCATGAAATACGGGCTACGACATAC,28
AATAGGATTACCATGAAATACGGGCTACGACATAC,20
AATAGGATTACCATGAAATACGGGCTACGACATAC,29
AATAGGATTACCATGAAATACGGGCTACGACATAC,5
AATAGGATTACCATGACATACGGGCTACGACATAC,27
AATAGGATTACCATGAAATACGGGCTACGACATAC,36
AATAGGATTACCATGACATACGGGCTACGACATAC,26
AATAGGATTACCATGACATACGGGCTACGACATAC,18
AATAGGATTACCATGAAATACGGGCTACGACATAC,42
AATAGGATTACCATGACATACGGGCTACGACATAC,1
AATAGGATTACCATGACATACGGGCTACGACATAC,34
AATAGGATTACCATGAAATACGGGCTACGACATAC,34
AATAGGATTACCATGAAATACGGGCTACGACATAC,17
AATAGGATTACCATGACATACGGGCTACGACATAC,42
AATAGGATTACCATGACATACGGGCTACGACATAC,22
AATAGGATTACCATGACATACGGGCTACGACATAC,46
AATAGGATTACCATGAAATACGGGCTACGACATAC,43
AATAGGATTACCATGAAATACGGGCTACGACATAC,16
AATAGGATTACCATGACATACGGGCTACGACATAC,33
AATAGGATTACCATGACATACGGGCTACGACATAC,2
AATAGGATTACCATGAAATACGGGCTACGACATAC,1
AATAGGATTACCATGACATACGGGCTACGACATAC,38
AATAGGATTACCATGACATACGGGCTACGACATAC,17
AATAGGATTACCATGACATACGGGCTACGACATAC,15
AATAGGATTACCATGAAATACGGGCTACGACATAC,5
AATAGGATTACCATGAAATACGGGCTACGACATAC,31
AATAGGATTACCATGAAATACGGGCTACGACATAC,5
AATAGGATTACCATGACATACGGGCTACGACATAC,40
AATAGGATTACCATGACATACGGGCTACGACATAC,1
AATAGGATTACCATGAAATACGGGCTACGACATAC,40
AATAGGATTACCATGACATACGGGCTACGACATAC,17
AATAGGATTACCATGAAATACGGGCTACGACATAC,35
AATAGGATTACCATGACATACGGGCTACGACATAC,26
AATAGGATTACCATGACATACGGGCTACGACATAC,43
AATAGGATTACCATGACATACGGGCTACGACATAC,34
AATAGGATTACCATGACATACGGGCTACGACATAC,10
AATAGGATTACCATGAAATACGGGCTACGACATAC,31
AATAGGATTACCATGAAATACGGGCTACGACATAC,6
AATAGGATTACCATGAAATACGGGCTACGACATAC,22
AATAGGATTACCATGAAATACGGGCTACGACATAC,41
AATAGGATTACCATGACATACGGGCTACGACATAC,30
AATAGGATTACCATGAAATACGGGCTACGACATAC,18
AATAGGATTACCATGACATACGGGCTACGACATAC,41
AATAGGATTACCATGACATACGGGCTACGACATAC,31
AATAGGATTACCATGACATACGGGCTACGACATAC,39
AATAGGATTACCATGAAATACGGGCTACGACATAC,30
AATAGGATTACCATGACATACGGGCTACGACATAC,30
AATAGGATTACCATGACATACGGGCTACGACATAC,6
AATAGGATTACCATGAAATACGGGCTACGACATAC,4
AATAGGATTACCATGACATACGGGCTACGACATAC,46
AATAGGATTACCATGACATACGGGCTACGACATAC,36
AATAGGATTACCATGACATACGGGCTACGACATAC,40
AATAGGATTACCATGAAATACGGGCTACGACATAC,14
AATAGGATTACCATGAAATACGGGCTACGACATAC,21
AATAGGATTACCATGACATACGGGCTACGACATAC,39
AATAGGATTACCATGAAATACGGGCTACGACATAC,24
AATAGGATTACCATGACATACGGGCTACGACATAC,41
AATAGGATTACCATGACATACGGGCTACGACATAC,44
AATAGGATTACCATGAAATACGGGCTACGACATAC,19
AATAGGATTACCATGAAATACGGGCTACGACATAC,31
AATAGGATTACCATGACATACGGGCTACGACATAC,7
AATAGGATTACCATGAAATACGGGCTACGACATAC,34
AATAGGATTACCATGAAATACGGGCTACGACATAC,8
AATAGGATTACCATGACATACGGGCTACGACATAC,21
AATAGGATTACCATGACATACGGGCTACGACATAC,30
AATAGGATTACCATGAAATACGGGCTACGACATAC,7
AATAGGATTACCATGACATACGGGCTACGACATAC,40
AATAGGATTACCATGAAATACGGGCTACGACATAC,16
AATAGGATTACCATGACATACGGGCTACGACATAC,30
AATAGGATTACCATGAAATACGGGCTACGACATAC,21
AATAGGATTACCATGACATACGGGCTACGACATAC,11
AATAGGATTACCATGACATACGGGCTACGACATAC,14
AATAGGATTACCATGACATACGGGCTACGACATAC,16
AATAGGATTACCATGAAATACGGGCTACGACATAC,7
AATAGGATTACCATGACATACGGGCTACGACATAC,21
AATAGGATTACCATGACATACGGGCTACGACATAC,33
AATAGGATTACCATGAAATACGGGCTACGACATAC,31
AATAGGATTACCATGACATACGGGCTACGACATAC,30
AATAGGATTACCATGACATACGGGCTACGACATAC,41
AATAGGATTACCATGAAATACGGGCTACGACATAC,2
AATAGGATTACCATGAAATACGGGCTACGACATAC,37
AATAGGATTACCATGACATACGGGCTACGACATAC,6
AATAGGATTACCATGAAATACGGGCTACGACATAC,24
AATAGGATTACCATGAAATACGGGCTACGACATAC,36
AATAGGATTACCATGAAATACGGGCTACGACATAC,16
AATAGGATTACCATGACATACGGGCTACGACATAC,12
AATAGGATTACCATGAAATACGGGCTACGACATAC,32
AATAGGATTACCATGACATACGGGCTACGACATAC,39
AATAGGATTACCATGAAATACGGGCTACGACATAC,36
AATAGGATTACCATGACATACGGGCTACGACATAC,31
AATAGGATTACCATGACATACGGGCTACGACATAC,7
AATAGGATTACCATGACATACGGGCTACGACATAC,40
AATAGGATTACCATGAAATACGGGCTACGACATAC,7
AATAGGATTACCATGACATACGGGCTACGACATAC,35
AATAGGATTACCATGAAATACGGGCTACGACATAC,33
AATAGGATTACCATGACATACGGGCTACGACATAC,3
AATAGGATTACCATGACATACGGGCTACGACATAC,9
AATAGGATTACCATGACATACGGGCTACGACATAC,2
AATAGGATTACCATGACATACGGGCTACGACATAC,23
AATAGGATTACCATGAAATACGGGCTACGACATAC,5
AATAGGATTACCATGAAATACGGGCTACGACATAC,46
AATAGGATTACCATGAAATACGGGCTACGACATAC,29
AATAGGATTACCATGACATACGGGCTACGACATAC,11
AATAGGATTACCATGACATACGGGCTACGACATAC,5
AATAGGATTACCATGACATACGGGCTACGACATAC,36
AATAGGATTACCATGACATACGGGCTACGACATAC,26
AATAGGATTACCATGACATACGGGCTACGACATAC,25
AATAGGATTACCATGACATACGGGCTACGACATAC,29
AATAGGATTACCATGACATACGGGCTACGACATAC,21
AATAGGATTACCATGACATACGGGCTACGACATAC,3
AATAGGATTACCATGACATACGGGCTACGACATAC,12
AATAGGATTACCATGAAATACGGGCTACGACATAC,13
AATAGGATTACCATGAAATACGGGCTACGACATAC,3
AATAGGATTACCATGACATACGGGCTACGACATAC,21
AATAGGATTACCATGACATACGGGCTACGACATAC,6
AATAGGATTACCATGACATACGGGCTACGACATAC,29
AATAGGATTACCATGACATACGGGCTACGACATAC,13
AATAGGATTACCATGACATACGGGCTACGACATAC,28
AATAGGATTACCATGACATACGGGCTACGACATAC,42
AATAGGATTACCATGACATACGGGCTACGACATAC,39
AATAGGATTACCATGACATACGGGCTACGACATAC,36
AATAGGATTACCATGACATACGGGCTACGACATAC,6
AATAGGATTACCATGAAATACGGGCTACGACATAC,30
AATAGGATTACCATGACATACGGGCTACGACATAC,31
AATAGGATTACCATGAAATACGGGCTACGACATAC,45
AATAGGATTACCATGACATACGGGCTACGACATAC,39
AATAGGATTACCATGAAATACGGGCTACGACATAC,41
AATAGGATTACCATGAAATACGGGCTACGACATAC,7
AATAGGATTACCATGACATACGGGCTACGACATAC,30
AATAGGATTACCATGAAATACGGGCTACGACATAC,18
AATAGGATTACCATGACATACGGGCTACGACATAC,32
AATAGGATTACCATGACATACGGGCTACGACATAC,21
AATAGGATTACCATGACATACGGGCTACGACATAC,15
AATAGGATTACCATGAAATACGGGCTACGACATAC,22
AATAGGATTACCATGACATACGGGCTACGACATAC,39
AATAGGATTACCATGAAATACGGGCTACGACATAC,16
AATAGGATTACCATGAAATACGGGCTACGACATAC,12
AATAGGATTACCATGAAATACGGGCTACGACATAC,8
AATAGGATTACCATGAAATACGGGCTACGACATAC,32
AATAGGATTACCATGACATACGGGCTACGACATAC,28
AATAGGATTACCATGAAATACGGGCTACGACATAC,16
AATAGGATTACCATGACATACGGGCTACGACATAC,39
AATAGGATTACCATGAAATACGGGCTACGACATAC,11
AATAGGATTACCATGACATACGGGCTACGACATAC,4
AATAGGATTACCATGACATACGGGCTACGACATAC,20
AATAGGATTACCATGACATACGGGCTACGACATAC,21
AATAGGATTACCATGACATACGGGCTACGACATAC,5
AATAGGATTACCATGACATACGGGCTACGACATAC,26
AATAGGATTACCATGACATACGGGCTACGACATAC,5
AATAGGATTACCATGACATACGGGCTACGACATAC,5
AATAGGATTACCATGAAATACGGGCTACGACATAC,27
AATAGGATTACCATGACATACGGGCTACGACATAC,22
AATAGGATTACCATGAAATACGGGCTACGACATAC,16
AATAGGATTACCATGACATACGGGCTACGACATAC,28
AATAGGATTACCATGACATACGGGCTACGACATAC,18
AATAGGATTACCATGAAATACGGGCTACGACATAC,21
AATAGGATTACCATGACATACGGGCTACGACATAC,4
AATAGGATTACCATGACATACGGGCTACGACATAC,5
AATAGGATTACCATGAAATACGGGCTACGACATAC,23
AATAGGATTACCATGACATACGGGCTACGACATAC,13
AATAGGATTACCATGAAATACGGGCTACGACATAC,40
AATAGGATTACCATGAAATACGGGCTACGACATAC,21
AATAGGATTACCATGAAATACGGGCTACGACATAC,21
AATAGGATTACCATGAAATACGGGCTACGACATAC,21
AATAGGATTACCATGACATACGGGCTACGACATAC,27
AATAGGATTACCATGACATACGGGCTACGACATAC,40
AATAGGATTACCATGAAATACGGGCTACGACATAC,13
AATAGGATTACCATGAAATACGGGCTACGACATAC,42
AATAGGATTACCATGAAATACGGGCTACGACATAC,5
AATAGGATTACCATGACATACGGGCTACGACATAC,21
AATAGGATTACCATGAAATACGGGCTACGACATAC,16
AATAGGATTACCATGAAATACGGGCTACGACATAC,27
AATAGGATTACCATGAAATACGGGCTACGACATAC,19
AATAGGATTACCATGACATACGGGCTACGACATAC,18
AATAGGATTACCATGAAATACGGGCTACGACATAC,21
AATAGGATTACCATGACATACGGGCTACGACATAC,32
AATAGGATTACCATGACATACGGGCTACGACATAC,13
AATAGGATTACCATGACATACGGGCTACGACATAC,15
AATAGGATTACCATGACATACGGGCTACGACATAC,1
AATAGGATTACCATGACATACGGGCTACGACATAC,10
AATAGGATTACCATGACATACGGGCTACGACATAC,29
AATAGGATTACCATGACATACGGGCTACGACATAC,19
AATAGGATTACCATGACATACGGGCTACGACATAC,7
AATAGGATTACCATGAAATACGGGCTACGACATAC,18
AATAGGATTACCATGAAATACGGGCTACGACATAC,19
AATAGGATTACCATGACATACGGGCTACGACATAC,41
AATAGGATTACCATGACATACGGGCTACGACATAC,12
AATAGGATTACCATGAAATACGGGCTACGACATAC,36
AATAGGATTACCATGAAATACGGGCTACGACATAC,7
AATAGGATTACCATGACATACGGGCTACGACATAC,23
AATAGGATTACCATGAAATACGGGCTACGACATAC,38
AATAGGATTACCATGAAATACGGGCTACGACATAC,34
AATAGGATTACCATGACATACGGGCTACGACATAC,25
AATAGGATTACCATGAAATACGGGCTACGACATAC,38
AATAGGATTACCATGAAATACGGGCTACGACATAC,19
AATAGGATTACCATGAAATACGGGCTACGACATAC,28
AATAGGATTACCATGAAATACGGGCTACGACATAC,20
AATAGGATTACCATGAAATACGGGCTACGACATAC,2
AATAGGATTACCATGACATACGGGCTACGACATAC,1
AATAGGATTACCATGAAATACGGGCTACGACATAC,44
AATAGGATTACCATGAAATACGGGCTACGACATAC,6
AATAGGATTACCATGAAATACGGGCTACGACATAC,24
AATAGGATTACCATGACATACGGGCTACGACATAC,22
AATAGGATTACCATGACATACGGGCTACGACATAC,18
AATAGGATTACCATGACATACGGGCTACGACATAC,1
AATAGGATTACCATGACATACGGGCTACGACATAC,1
AATAGGATTACCATGACATACGGGCTACGACATAC,7
AATAGGATTACCATGACATACGGGCTACGACATAC,5
AATAGGATTACCATGAAATACGGGCTACGACATAC,6
AATAGGATTACCATGACATACGGGCTACGACATAC,38
AATAGGATTACCATGACATACGGGCTACGACATAC,4
AATAGGATTACCATGAAATACGGGCTACGACATAC,37
AATAGGATTACCATGACATACGGGCTACGACATAC,27
AATAGGATTACCATGACATACGGGCTACGACATAC,40
AATAGGATTACCATGAAATACGGGCTACGACATAC,41
AATAGGATTACCATGACATACGGGCTACGACATAC,20
AATAGGATTACCATGACATACGGGCTACGACATAC,22
AATAGGATTACCATGACATACGGGCTACGACATAC,12
AATAGGATTACCATGACATACGGGCTACGACATAC,4
AATAGGATTACCATGACATACGGGCTACGACATAC,32
AATAGGATTACCATGACATACGGGCTACGACATAC,14
AATAGGATTACCATGACATACGGGCTACGACATAC,38
AATAGGATTACCATGACATACGGGCTACGACATAC,16
AATAGGATTACCATGAAATACGGGCTACGACATAC,44
AATAGGATTACCATGAAATACGGGCTACGACATAC,2
AATAGGATTACCATGAAATACGGGCTACGACATAC,34
AATAGGATTACCATGACATACGGGCTACGACATAC,23
AATAGGATTACCATGAAATACGGGCTACGACATAC,21
AATAGGATTACCATGAAATACGGGCTACGACATAC,12
AATAGGATTACCATGAAATACGGGCTACGACATAC,15
AATAGGATTACCATGACATACGGGCTACGACATAC,6
AATAGGATTACCATGAAATACGGGCTACGACATAC,40
AATAGGATTACCATGACATACGGGCTACGACATAC,12
AATAGGATTACCATGACATACGGGCTACGACATAC,47
AATAGGATTACCATGAAATACGGGCTACGACATAC,7
AATAGGATTACCATGACATACGGGCTACGACATAC,4
AATAGGATTACCATGAAATACGGGCTACGACATAC,7
AATAGGATTACCATGACATACGGGCTACGACATAC,16
AATAGGATTACCATGACATACGGGCTACGACATAC,14
AATAGGATTACCATGACATACGGGCTACGACATAC,5
AATAGGATTACCATGACATACGGGCTACGACATAC,28
AATAGGATTACCATGACATACGGGCTACGACATAC,14
AATAGGATTACCATGAAATACGGGCTACGACATAC,13
AATAGGATTACCATGACATACGGGCTACGACATAC,32
AATAGGATTACCATGAAATACGGGCTACGACATAC,29
AATAGGATTACCATGACATACGGGCTACGACATAC,31
AATAGGATTACCATGAAATACGGGCTACGACATAC,27
AATAGGATTACCATGAAATACGGGCTACGACATAC,46
AATAGGATTACCATGAAATACGGGCTACGACATAC,34
AATAGGATTACCATGAAATACGGGCTACGACATAC,4
AATAGGATTACCATGAAATACGGGCTACGACATAC,12
AATAGGATTACCATGACATACGGGCTACGACATAC,3
AATAGGATTACCATGAAATACGGGCTACGACATAC,5
AATAGGATTACCATGACATACGGGCTACGACATAC,25
AATAGGATTACCATGACATACGGGCTACGACATAC,28
AATAGGATTACCATGACATACGGGCTACGACATAC,41
AATAGGATTACCATGACATACGGGCTACGACATAC,42
AATAGGATTACCATGAAATACGGGCTACGACATAC,23
AATAGGATTACCATGACATACGGGCTACGACATAC,29
AATAGGATTACCATGAAATACGGGCTACGACATAC,2
AATAGGATTACCATGACATACGGGCTACGACATAC,37
AATAGGATTACCATGACATACGGGCTACGACATAC,28
AATAGGATTACCATGACATACGGGCTACGACATAC,28
AATAGGATTACCATGACATACGGGCTACGACATAC,37
AATAGGATTACCATGACATACGGGCTACGACATAC,16
AATAGGATTACCATGACATACGGGCTACGACATAC,20
AATAGGATTACCATGAAATACGGGCTACGACATAC,32
AATAGGATTACCATGACATACGGGCTACGACATAC,32
AATAGGATTACCATGACATACGGGCTACGACATAC,18
AATAGGATTACCATGACATACGGGCTACGACATAC,32
AATAGGATTACCATGACATACGGGCTACGACATAC,48
AATAGGATTACCATGAAATACGGGCTACGACATAC,29
AATAGGATTACCATGAAATACGGGCTACGACATAC,5
AATAGGATTACCATGACATACGGGCTACGACATAC,35
AATAGGATTACCATGACATACGGGCTACGACATAC,14
AATAGGATTACCATGAAATACGGGCTACGACATAC,13
AATAGGATTACCATGACATACGGGCTACGACATAC,16
AATAGGATTACCATGAAATACGGGCTACGACATAC,17
AATAGGATTACCATGAAATACGGGCTACGACATAC,30
AATAGGATTACCATGACATACGGGCTACGACATAC,8
AATAGGATTACCATGACATACGGGCTACGACATAC,40
AATAGGATTACCATGACATACGGGCTACGACATAC,24
AATAGGATTACCATGAAATACGGGCTACGACATAC,18
AATAGGATTACCATGACATACGGGCTACGACATAC,13
AATAGGATTACCATGACATACGGGCTACGACATAC,24
AATAGGATTACCATGAAATACGGGCTACGACATAC,24
AATAGGATTACCATGAAATACGGGCTACGACATAC,7
AATAGGATTACCATGAAATACGGGCTACGACATAC,46
AATAGGATTACCATGAAATACGGGCTACGACATAC,9
AATAGGATTACCATGACATACGGGCTACGACATAC,12
AATAGGATTACCATGAAATACGGGCTACGACATAC,25
AATAGGATTACCATGAAATACGGGCTACGACATAC,34
AATAGGATTACCATGACATACGGGCTACGACATAC,19
AATAGGATTACCATGACATACGGGCTACGACATAC,37
AATAGGATTACCATGAAATACGGGCTACGACATAC,17
AATAGGATTACCATGAAATACGGGCTACGACATAC,41
AATAGGATTACCATGACATACGGGCTACGACATAC,23
AATAGGATTACCATGACATACGGGCTACGACATAC,25
AATAGGATTACCATGAAATACGGGCTACGACATAC,16
AATAGGATTACCATGAAATACGGGCTACGACATAC,29
AATAGGATTACCATGACATACGGGCTACGACATAC,10
AATAGGATTACCATGACATACGGGCTACGACATAC,30
AATAGGATTACCATGACATACGGGCTACGACATAC,4
AATAGGATTACCATGAAATACGGGCTACGACATAC,32
AATAGGATTACCATGACATACGGGCTACGACATAC,7
AATAGGATTACCATGAAATACGGGCTACGACATAC,31
AATAGGATTACCATGACATACGGGCTACGACATAC,17
AATAGGATTACCATGAAATACGGGCTACGACATAC,10
AATAGGATTACCATGACATACGGGCTACGACATAC,25
AATAGGATTACCATGAAATACGGGCTACGACATAC,6
AATAGGATTACCATGACATACGGGCTACGACATAC,46
AATAGGATTACCATGAAATACGGGCTACGACATAC,21
AATAGGATTACCATGAAATACGGGCTACGACATAC,35
AATAGGATTACCATGACATACGGGCTACGACATAC,39
AATAGGATTACCATGACATACGGGCTACGACATAC,41
AATAGGATTACCATGAAATACGGGCTACGACATAC,13
AATAGGATTACCATGACATACGGGCTACGACATAC,1
AATAGGATTACCATGACATACGGGCTACGACATAC,4
AATAGGATTACCATGACATACGGGCTACGACATAC,13
AATAGGATTACCATGAAATACGGGCTACGACATAC,18
AATAGGATTACCATGAAATACGGGCTACGACATAC,17
AATAGGATTACCATGAAATACGGGCTACGACATAC,17
AATAGGATTACCATGAAATACGGGCTACGACATAC,44
AATAGGATTACCATGAAATACGGGCTACGACATAC,19
AATAGGATTACCATGAAATACGGGCTACGACATAC,31
AATAGGATTACCATGACATACGGGCTACGACATAC,5
AATAGGATTACCATGAAATACGGGCTACGACATAC,1
AATAGGATTACCATGACATACGGGCTACGACATAC,5
AATAGGATTACCATGAAATACGGGCTACGACATAC,45
AATAGGATTACCATGACATACGGGCTACGACATAC,12
AATAGGATTACCATGACATACGGGCTACGACATAC,25
AATAGGATTACCATGACATACGGGCTACGACATAC,20
AATAGGATTACCATGACATACGGGCTACGACATAC,32
AATAGGATTACCATGAAATACGGGCTACGACATAC,17
AATAGGATTACCATGACATACGGGCTACGACATAC,6
AATAGGATTACCATGACATACGGGCTACGACATAC,35
AATAGGATTACCATGACATACGGGCTACGACATAC,5
AATAGGATTACCATGAAATACGGGCTACGACATAC,16
AATAGGATTACCATGACATACGGGCTACGACATAC,35
AATAGGATTACCATGAAATACGGGCTACGACATAC,19
AATAGGATTACCATGAAATACGGGCTACGACATAC,44
AATAGGATTACCATGAAATACGGGCTACGACATAC,25
AATAGGATTACCATGAAATACGGGCTACGACATAC,26
AATAGGATTACCATGAAATACGGGCTACGACATAC,34
AATAGGATTACCATGAAATACGGGCTACGACATAC,8
AATAGGATTACCATGACATACGGGCTACGACATAC,2
AATAGGATTACCATGACATACGGGCTACGACATAC,38
AATAGGATTACCATGACATACGGGCTACGACATAC,2
AATAGGATTACCATGACATACGGGCTACGACATAC,9
AATAGGATTACCATGAAATACGGGCTACGACATAC,25
AATAGGATTACCATGAAATACGGGCTACGACATAC,40
AATAGGATTACCATGACATACGGGCTACGACATAC,3
AATAGGATTACCATGAAATACGGGCTACGACATAC,40
AATAGGATTACCATGAAATACGGGCTACGACATAC,8
AATAGGATTACCATGAAATACGGGCTACGACATAC,24
AATAGGATTACCATGACATACGGGCTACGACATAC,15
AATAGGATTACCATGACATACGGGCTACGACATAC,15
AATAGGATTACCATGACATACGGGCTACGACATAC,15
AATAGGATTACCATGAAATACGGGCTACGACATAC,48
AATAGGATTACCATGAAATACGGGCTACGACATAC,43
AATAGGATTACCATGACATACGGGCTACGACATAC,49
AATAGGATTACCATGACATACGGGCTACGACATAC,7
AATAGGATTACCATGAAATACGGGCTACGACATAC,14
AATAGGATTACCATGAAATACGGGCTACGACATAC,6
AATAGGATTACCATGACATACGGGCTACGACATAC,41
AATAGGATTACCATGAAATACGGGCTACGACATAC,2
AATAGGATTACCATGACATACGGGCTACGACATAC,28
AATAGGATTACCATGAAATACGGGCTACGACATAC,31
AATAGGATTACCATGAAATACGGGCTACGACATAC,25
AATAGGATTACCATGAAATACGGGCTACGACATAC,8
AATAGGATTACCATGACATACGGGCTACGACATAC,31
AATAGGATTACCATGACATACGGGCTACGACATAC,23
AATAGGATTACCATGACATACGGGCTACGACATAC,38
AATAGGATTACCATGACATACGGGCTACGACATAC,36
AATAGGATTACCATGACATACGGGCTACGACATAC,38
AATAGGATTACCATGAAATACGGGCTACGACATAC,46
AATAGGATTACCATGACATACGGGCTACGACATAC,30
AATAGGATTACCATGAAATACGGGCTACGACATAC,14
AATAGGATTACCATGAAATACGGGCTACGACATAC,32
AATAGGATTACCATGACATACGGGCTACGACATAC,10
AATAGGATTACCATGAAATACGGGCTACGACATAC,3
AATAGGATTACCATGACATACGGGCTACGACATAC,12
AATAGGATTACCATGAAATACGGGCTACGACATAC,4
AATAGGATTACCATGACATACGGGCTACGACATAC,27
AATAGGATTACCATGAAATACGGGCTACGACATAC,40
AATAGGATTACCATGAAATACGGGCTACGACATAC,21
AATAGGATTACCATGACATACGGGCTACGACATAC,10
AATAGGATTACCATGACATACGGGCTACGACATAC,41
AATAGGATTACCATGAAATACGGGCTACGACATAC,18
AATAGGATTACCATGACATACGGGCTACGACATAC,40
AATAGGATTACCATGACATACGGGCTACGACATAC,4
AATAGGATTACCATGAAATACGGGCTACGACATAC,7
AATAGGATTACCATGACATACGGGCTACGACATAC,26
AATAGGATTACCATGACATACGGGCTACGACATAC,13
AATAGGATTACCATGAAATACGGGCTACGACATAC,34
AATAGGATTACCATGACATACGGGCTACGACATAC,22
AATAGGATTACCATGAAATACGGGCTACGACATAC,15
AATAGGATTACCATGACATACGGGCTACGACATAC,23
AATAGGATTACCATGAAATACGGGCTACGACATAC,35
AATAGGATTACCATGACATACGGGCTACGACATAC,33
AATAGGATTACCATGAAATACGGGCTACGACATAC,7
AATAGGATTACCATGAAATACGGGCTACGACATAC,20
AATAGGATTACCATGACATACGGGCTACGACATAC,7
AATAGGATTACCATGAAATACGGGCTACGACATAC,19
AATAGGATTACCATGACATACGGGCTACGACATAC,25
AATAGGATTACCATGAAATACGGGCTACGACATAC,39
AATAGGATTACCATGAAATACGGGCTACGACATAC,16
AATAGGATTACCATGACATACGGGCTACGACATAC,14
AATAGGATTACCATGAAATACGGGCTACGACATAC,41
AATAGGATTACCATGACATACGGGCTACGACATAC,32
AATAGGATTACCATGAAATACGGGCTACGACATAC,38
AATAGGATTACCATGAAATACGGGCTACGACATAC,21
AATAGGATTACCATGAAATACGGGCTACGACATAC,2
AATAGGATTACCATGACATACGGGCTACGACATAC,39
AATAGGATTACCATGACATACGGGCTACGACATAC,28
AATAGGATTACCATGAAATACGGGCTACGACATAC,40
AATAGGATTACCATGAAATACGGGCTACGACATAC,7
AATAGGATTACCATGACATACGGGCTACGACATAC,29
AATAGGATTACCATGAAATACGGGCTACGACATAC,27
AATAGGATTACCATGAAATACGGGCTACGACATAC,3
AATAGGATTACCATGACATACGGGCTACGACATAC,12
AATAGGATTACCATGACATACGGGCTACGACATAC,15
AATAGGATTACCATGAAATACGGGCTACGACATAC,2
AATAGGATTACCATGAAATACGGGCTACGACATAC,18
AATAGGATTACCATGAAATACGGGCTACGACATAC,10
AATAGGATTACCATGAAATACGGGCTACGACATAC,12
AATAGGATTACCATGACATACGGGCTACGACATAC,41
AATAGGATTACCATGAAATACGGGCTACGACATAC,46
AATAGGATTACCATGACATACGGGCTACGACATAC,16
AATAGGATTACCATGAAATACGGGCTACGACATAC,3
AATAGGATTACCATGAAATACGGGCTACGACATAC,15
AATAGGATTACCATGAAATACGGGCTACGACATAC,32
AATAGGATTACCATGACATACGGGCTACGACATAC,19
AATAGGATTACCATGAAATACGGGCTACGACATAC,35
AATAGGATTACCATGAAATACGGGCTACGACATAC,16
AATAGGATTACCATGAAATACGGGCTACGACATAC,37
AATAGGATTACCATGAAATACGGGCTACGACATAC,41
AATAGGATTACCATGACATACGGGCTACGACATAC,18
AATAGGATTACCATGACATACGGGCTACGACATAC,21
AATAGGATTACCATGAAATACGGGCTACGACATAC,13
AATAGGATTACCATGAAATACGGGCTACGACATAC,41
AATAGGATTACCATGACATACGGGCTACGACATAC,7
AATAGGATTACCATGAAATACGGGCTACGACATAC,20
AATAGGATTACCATGACATACGGGCTACGACATAC,43
AATAGGATTACCATGAAATACGGGCTACGACATAC,17
AATAGGATTACCATGACATACGGGCTACGACATAC,34
AATAGGATTACCATGAAATACGGGCTACGACATAC,1
AATAGGATTACCATGACATACGGGCTACGACATAC,19
AATAGGATTACCATGAAATACGGGCTACGACATAC,34
AATAGGATTACCATGACATACGGGCTACGACATAC,23
AATAGGATTACCATGACATACGGGCTACGACATAC,12
AATAGGATTACCATGACATACGGGCTACGACATAC,14
AATAGGATTACCATGACATACGGGCTACGACATAC,16
AATAGGATTACCATGACATACGGGCTACGACATAC,29
AATAGGATTACCATGACATACGGGCTACGACATAC,28
AATAGGATTACCATGACATACGGGCTACGACATAC,34
AATAGGATTACCATGACATACGGGCTACGACATAC,26
AATAGGATTACCATGACATACGGGCTACGACATAC,20
AATAGGATTACCATGAAATACGGGCTACGACATAC,21
AATAGGATTACCATGAAATACGGGCTACGACATAC,20
AATAGGATTACCATGAAATACGGGCTACGACATAC,14
AATAGGATTACCATGACATACGGGCTACGACATAC,29
AATAGGATTACCATGACATACGGGCTACGACATAC,4
AATAGGATTACCATGAAATACGGGCTACGACATAC,44
AATAGGATTACCATGACATACGGGCTACGACATAC,38
AATAGGATTACCATGACATACGGGCTACGACATAC,26
AATAGGATTACCATGACATACGGGCTACGACATAC,24
AATAGGATTACCATGAAATACGGGCTACGACATAC,20
AATAGGATTACCATGAAATACGGGCTACGACATAC,12
AATAGGATTACCATGACATACGGGCTACGACATAC,29
AATAGGATTACCATGACATACGGGCTACGACATAC,43
AATAGGATTACCATGACATACGGGCTACGACATAC,5
AATAGGATTACCATGAAATACGGGCTACGACATAC,4
AATAGGATTACCATGAAATACGGGCTACGACATAC,26
AATAGGATTACCATGACATACGGGCTACGACATAC,32
AATAGGATTACCATGAAATACGGGCTACGACATAC,38
AATAGGATTACCATGACATACGGGCTACGACATAC,4
AATAGGATTACCATGACATACGGGCTACGACATAC,5
AATAGGATTACCATGACATACGGGCTACGACATAC,1
AATAGGATTACCATGAAATACGGGCTACGACATAC,32
AATAGGATTACCATGACATACGGGCTACGACATAC,36
AATAGGATTACCATGACATACGGGCTACGACATAC,25
AATAGGATTACCATGAAATACGGGCTACGACATAC,28
AATAGGATTACCATGACATACGGGCTACGACATAC,39
AATAGGATTACCATGAAATACGGGCTACGACATAC,24
AATAGGATTACCATGACATACGGGCTACGACATAC,39
AATAGGATTACCATGAAATACGGGCTACGACATAC,1
AATAGGATTACCATGACATACGGGCTACGACATAC,30
AATAGGATTACCATGAAATACGGGCTACGACATAC,11
AATAGGATTACCATGAAATACGGGCTACGACATAC,19
AATAGGATTACCATGACATACGGGCTACGACATAC,13
AATAGGATTACCATGAAATACGGGCTACGACATAC,33
AATAGGATTACCATGACATACGGGCTACGACATAC,12
AATAGGATTACCATGACATACGGGCTACGACATAC,13
AATAGGATTACCATGAAATACGGGCTACGACATAC,8
AATAGGATTACCATGAAATACGGGCTACGACATAC,20
AATAGGATTACCATGACATACGGGCTACGACATAC,42
AATAGGATTACCATGACATACGGGCTACGACATAC,34
AATAGGATTACCATGAAATACGGGCTACGACATAC,23
AATAGGATTACCATGACATACGGGCTACGACATAC,26
AATAGGATTACCATGACATACGGGCTACGACATAC,44
AATAGGATTACCATGAAATACGGGCTACGACATAC,21
AATAGGATTACCATGACATACGGGCTACGACATAC,29
AATAGGATTACCATGAAATACGGGCTACGACATAC,8
AATAGGATTACCATGACATACGGGCTACGACATAC,14
AATAGGATTACCATGAAATACGGGCTACGACATAC,13
AATAGGATTACCATGAAATACGGGCTACGACATAC,20
AATAGGATTACCATGAAATACGGGCTACGACATAC,10
AATAGGATTACCATGAAATACGGGCTACGACATAC,34
AATAGGATTACCATGACATACGGGCTACGACATAC,42
AATAGGATTACCATGACATACGGGCTACGACATAC,27
AATAGGATTACCATGAAATACGGGCTACGACATAC,7
AATAGGATTACCATGAAATACGGGCTACGACATAC,33
AATAGGATTACCATGACATACGGGCTACGACATAC,1
AATAGGATTACCATGACATACGGGCTACGACATAC,8
AATAGGATTACCATGACATACGGGCTACGACATAC,21
AATAGGATTACCATGACATACGGGCTACGACATAC,26
AATAGGATTACCATGAAATACGGGCTACGACATAC,14
AATAGGATTACCATGACATACGGGCTACGACATAC,30
AATAGGATTACCATGACATACGGGCTACGACATAC,15
AATAGGATTACCATGAAATACGGGCTACGACATAC,35
AATAGGATTACCATGAAATACGGGCTACGACATAC,41
AATAGGATTACCATGACATACGGGCTACGACATAC,24
AATAGGATTACCATGACATACGGGCTACGACATAC,15
AATAGGATTACCATGAAATACGGGCTACGACATAC,12
AATAGGATTACCATGACATACGGGCTACGACATAC,19
AATAGGATTACCATGAAATACGGGCTACGACATAC,28
AATAGGATTACCATGAAATACGGGCTACGACATAC,3
AATAGGATTACCATGACATACGGGCTACGACATAC,21
AATAGGATTACCATGAAATACGGGCTACGACATAC,13
AATAGGATTACCATGAAATACGGGCTACGACATAC,31
AATAGGATTACCATGACATACGGGCTACGACATAC,40
AATAGGATTACCATGAAATACGGGCTACGACATAC,18
AATAGGATTACCATGAAATACGGGCTACGACATAC,16
AATAGGATTACCATGAAATACGGGCTACGACATAC,42
AATAGGATTACCATGACATACGGGCTACGACATAC,29
AATAGGATTACCATGACATACGGGCTACGACATAC,40
AATAGGATTACCATGAAATACGGGCTACGACATAC,25
AATAGGATTACCATGACATACGGGCTACGACATAC,4
AATAGGATTACCATGACATACGGGCTACGACATAC,31
AATAGGATTACCATGACATACGGGCTACGACATAC,41
AATAGGATTACCATGAAATACGGGCTACGACATAC,37
AATAGGATTACCATGACATACGGGCTACGACATAC,36
AATAGGATTACCATGACATACGGGCTACGACATAC,11
AATAGGATTACCATGACATACGGGCTACGACATAC,7
AATAGGATTACCATGAAATACGGGCTACGACATAC,15
AATAGGATTACCATGACATACGGGCTACGACATAC,19
AATAGGATTACCATGACATACGGGCTACGACATAC,19
AATAGGATTACCATGAAATACGGGCTACGACATAC,6
AATAGGATTACCATGACATACGGGCTACGACATAC,30
AATAGGATTACCATGACATACGGGCTACGACATAC,36
AATAGGATTACCATGACATACGGGCTACGACATAC,7
AATAGGATTACCATGACATACGGGCTACGACATAC,17
AATAGGATTACCATGACATACGGGCTACGACATAC,39
AATAGGATTACCATGAAATACGGGCTACGACATAC,19
AATAGGATTACCATGAAATACGGGCTACGACATAC,2
AATAGGATTACCATGACATACGGGCTACGACATAC,17
AATAGGATTACCATGAAATACGGGCTACGACATAC,34
AATAGGATTACCATGACATACGGGCTACGACATAC,48
AATAGGATTACCATGAAATACGGGCTACGACATAC,15
AATAGGATTACCATGACATACGGGCTACGACATAC,35
AATAGGATTACCATGAAATACGGGCTACGACATAC,39
AATAGGATTACCATGAAATACGGGCTACGACATAC,21
AATAGGATTACCATGACATACGGGCTACGACATAC,39
AATAGGATTACCATGAAATACGGGCTACGACATAC,27
AATAGGATTACCATGAAATACGGGCTACGACATAC,18
AATAGGATTACCATGAAATACGGGCTACGACATAC,37
AATAGGATTACCATGAAATACGGGCTACGACATAC,4
AATAGGATTACCATGACATACGGGCTACGACATAC,8
AATAGGATTACCATGACATACGGGCTACGACATAC,8
AATAGGATTACCATGAAATACGGGCTACGACATAC,12
AATAGGATTACCATGACATACGGGCTACGACATAC,30
AATAGGATTACCATGACATACGGGCTACGACATAC,30
AATAGGATTACCATGAAATACGGGCTACGACATAC,1
AATAGGATTACCATGAAATACGGGCTACGACATAC,35
AATAGGATTACCATGAAATACGGGCTACGACATAC,33
AATAGGATTACCATGACATACGGGCTACGACATAC,39
AATAGGATTACCATGACATACGGGCTACGACATAC,40
AATAGGATTACCATGAAATACGGGCTACGACATAC,33
AATAGGATTACCATGAAATACGGGCTACGACATAC,35
AATAGGATTACCATGACATACGGGCTACGACATAC,44
AATAGGATTACCATGAAATACGGGCTACGACATAC,25
AATAGGATTACCATGAAATACGGGCTACGACATAC,11
AATAGGATTACCATGACATACGGGCTACGACATAC,30
AATAGGATTACCATGACATACGGGCTACGACATAC,42
AATAGGATTACCATGAAATACGGGCTACGACATAC,27
AATAGGATTACCATGACATACGGGCTACGACATAC,23
AATAGGATTACCATGAAATACGGGCTACGACATAC,10
AATAGGATTACCATGACATACGGGCTACGACATAC,8
AATAGGATTACCATGAAATACGGGCTACGACATAC,29
AATAGGATTACCATGACATACGGGCTACGACATAC,41
AATAGGATTACCATGAAATACGGGCTACGACATAC,32
AATAGGATTACCATGAAATACGGGCTACGACATAC,7
AATAGGATTACCATGACATACGGGCTACGACATAC,38
AATAGGATTACCATGACATACGGGCTACGACATAC,36
AATAGGATTACCATGAAATACGGGCTACGACATAC,42
AATAGGATTACCATGAAATACGGGCTACGACATAC,22
AATAGGATTACCATGACATACGGGCTACGACATAC,29
AATAGGATTACCATGACATACGGGCTACGACATAC,11
AATAGGATTACCATGACATACGGGCTACGACATAC,36
AATAGGATTACCATGACATACGGGCTACGACATAC,5
AATAGGATTACCATGACATACGGGCTACGACATAC,4
AATAGGATTACCATGAAATACGGGCTACGACATAC,14
AATAGGATTACCATGAAATACGGGCTACGACATAC,2
AATAGGATTACCATGAAATACGGGCTACGACATAC,19
AATAGGATTACCATGACATACGGGCTACGACATAC,16
AATAGGATTACCATGACATACGGGCTACGACATAC,42
AATAGGATTACCATGAAATACGGGCTACGACATAC,41
AATAGGATTACCATGAAATACGGGCTACGACATAC,15
AATAGGATTACCATGAAATACGGGCTACGACATAC,39
AATAGGATTACCATGACATACGGGCTACGACATAC,5
AATAGGATTACCATGACATACGGGCTACGACATAC,35
AATAGGATTACCATGACATACGGGCTACGACATAC,21
AATAGGATTACCATGAAATACGGGCTACGACATAC,3
AATAGGATTACCATGAAATACGGGCTACGACATAC,18
AATAGGATTACCATGAAATACGGGCTACGACATAC,35
AATAGGATTACCATGAAATACGGGCTACGACATAC,32
AATAGGATTACCATGACATACGGGCTACGACATAC,38
AATAGGATTACCATGACATACGGGCTACGACATAC,17
AATAGGATTACCATGACATACGGGCTACGACATAC,46
AATAGGATTACCATGAAATACGGGCTACGACATAC,20
AATAGGATTACCATGACATACGGGCTACGACATAC,37
AATAGGATTACCATGAAATACGGGCTACGACATAC,43
AATAGGATTACCATGACATACGGGCTACGACATAC,6
AATAGGATTACCATGACATACGGGCTACGACATAC,43
AATAGGATTACCATGACATACGGGCTACGACATAC,47
AATAGGATTACCATGACATACGGGCTACGACATAC,9
AATAGGATTACCATGACATACGGGCTACGACATAC,11
AATAGGATTACCATGACATACGGGCTACGACATAC,4
AATAGGATTACCATGACATACGGGCTACGACATAC,42
AATAGGATTACCATGAAATACGGGCTACGACATAC,21
AATAGGATTACCATGAAATACGGGCTACGACATAC,46
AATAGGATTACCATGAAATACGGGCTACGACATAC,38
AATAGGATTACCATGAAATACGGGCTACGACATAC,25
AATAGGATTACCATGAAATACGGGCTACGACATAC,15
AATAGGATTACCATGACATACGGGCTACGACATAC,43
AATAGGATTACCATGAAATACGGGCTACGACATAC,8
AATAGGATTACCATGAAATACGGGCTACGACATAC,49
AATAGGATTACCATGACATACGGGCTACGACATAC,40
AATAGGATTACCATGACATACGGGCTACGACATAC,36
AATAGGATTACCATGACATACGGGCTACGACATAC,15
AATAGGATTACCATGACATACGGGCTACGACATAC,9
AATAGGATTACCATGACATACGGGCTACGACATAC,5
AATAGGATTACCATGAAATACGGGCTACGACATAC,13
AATAGGATTACCATGAAATACGGGCTACGACATAC,21
AATAGGATTACCATGACATACGGGCTACGACATAC,6
AATAGGATTACCATGAAATACGGGCTACGACATAC,30
AATAGGATTACCATGACATACGGGCTACGACATAC,49
AATAGGATTACCATGAAATACGGGCTACGACATAC,13
AATAGGATTACCATGACATACGGGCTACGACATAC,5
AATAGGATTACCATGAAATACGGGCTACGACATAC,21
AATAGGATTACCATGACATACGGGCTACGACATAC,36
AATAGGATTACCATGAAATACGGGCTACGACATAC,40
AATAGGATTACCATGAAATACGGGCTACGACATAC,8
AATAGGATTACCATGAAATACGGGCTACGACATAC,3
AATAGGATTACCATGACATACGGGCTACGACATAC,31
AATAGGATTACCATGACATACGGGCTACGACATAC,3
AATAGGATTACCATGACATACGGGCTACGACATAC,26
AATAGGATTACCATGACATACGGGCTACGACATAC,14
AATAGGATTACCATGAAATACGGGCTACGACATAC,4
AATAGGATTACCATGAAATACGGGCTACGACATAC,21
AATAGGATTACCATGAAATACGGGCTACGACATAC,43
AATAGGATTACCATGACATACGGGCTACGACATAC,4
AATAGGATTACCATGAAATACGGGCTACGACATAC,17
AATAGGATTACCATGACATACGGGCTACGACATAC,14
AATAGGATTACCATGAAATACGGGCTACGACATAC,26
AATAGGATTACCATGACATACGGGCTACGACATAC,36
AATAGGATTACCATGAAATACGGGCTACGACATAC,32
AATAGGATTACCATGACATACGGGCTACGACATAC,35
AATAGGATTACCATGACATACGGGCTACGACATAC,35
AATAGGATTACCATGACATACGGGCTACGACATAC,6
AATAGGATTACCATGACATACGGGCTACGACATAC,4
AATAGGATTACCATGAAATACGGGCTACGACATAC,7
AATAGGATTACCATGAAATACGGGCTACGACATAC,21
AATAGGATTACCATGACATACGGGCTACGACATAC,36
AATAGGATTACCATGACATACGGGCTACGACATAC,2
AATAGGATTACCATGACATACGGGCTACGACATAC,2
AATAGGATTACCATGAAATACGGGCTACGACATAC,5
AATAGGATTACCATGACATACGGGCTACGACATAC,13
AATAGGATTACCATGAAATACGGGCTACGACATAC,6
AATAGGATTACCATGACATACGGGCTACGACATAC,15
AATAGGATTACCATGACATACGGGCTACGACATAC,3
AATAGGATTACCATGAAATACGGGCTACGACATAC,34
AATAGGATTACCATGAAATACGGGCTACGACATAC,29
AATAGGATTACCATGAAATACGGGCTACGACATAC,44
AATAGGATTACCATGAAATACGGGCTACGACATAC,23
AATAGGATTACCATGACATACGGGCTACGACATAC,28
AATAGGATTACCATGAAATACGGGCTACGACATAC,10
AATAGGATTACCATGACATACGGGCTACGACATAC,19
AATAGGATTACCATGACATACGGGCTACGACATAC,41
AATAGGATTACCATGACATACGGGCTACGACATAC,38
AATAGGATTACCATGACATACGGGCTACGACATAC,26
AATAGGATTACCATGACATACGGGCTACGACATAC,18
AATAGGATTACCATGAAATACGGGCTACGACATAC,27
AATAGGATTACCATGAAATACGGGCTACGACATAC,8
AATAGGATTACCATGACATACGGGCTACGACATAC,29
AATAGGATTACCATGAAATACGGGCTACGACATAC,32
AATAGGATTACCATGACATACGGGCTACGACATAC,38
AATAGGATTACCATGACATACGGGCTACGACATAC,22
AATAGGATTACCATGACATACGGGCTACGACATAC,35
AATAGGATTACCATGACATACGGGCTACGACATAC,33
AATAGGATTACCATGACATACGGGCTACGACATAC,38
AATAGGATTACCATGACATACGGGCTACGACATAC,7
AATAGGATTACCATGACATACGGGCTACGACATAC,11
AATAGGATTACCATGAAATACGGGCTACGACATAC,12
AATAGGATTACCATGACATACGGGCTACGACATAC,20
AATAGGATTACCATGAAATACGGGCTACGACATAC,23
AATAGGATTACCATGACATACGGGCTACGACATAC,34
AATAGGATTACCATGACATACGGGCTACGACATAC,26
AATAGGATTACCATGAAATACGGGCTACGACATAC,27
AATAGGATTACCATGAAATACGGGCTACGACATAC,23
AATAGGATTACCATGACATACGGGCTACGACATAC,45
AATAGGATTACCATGAAATACGGGCTACGACATAC,40
AATAGGATTACCATGACATACGGGCTACGACATAC,22
AATAGGATTACCATGACATACGGGCTACGACATAC,9
AATAGGATTACCATGACATACGGGCTACGACATAC,38
AATAGGATTACCATGAAATACGGGCTACGACATAC,28
AATAGGATTACCATGACATACGGGCTACGACATAC,39
AATAGGATTACCATGAAATACGGGCTACGACATAC,23
AATAGGATTACCATGACATACGGGCTACGACATAC,20
AATAGGATTACCATGAAATACGGGCTACGACATAC,7
AATAGGATTACCATGAAATACGGGCTACGACATAC,15
AATAGGATTACCATGAAATACGGGCTACGACATAC,37
AATAGGATTACCATGAAATACGGGCTACGACATAC,7
AATAGGATTACCATGACATACGGGCTACGACATAC,36
AATAGGATTACCATGACATACGGGCTACGACATAC,39
AATAGGATTACCATGACATACGGGCTACGACATAC,11
AATAGGATTACCATGAAATACGGGCTACGACATAC,21
AATAGGATTACCATGAAATACGGGCTACGACATAC,20
AATAGGATTACCATGAAATACGGGCTACGACATAC,28
AATAGGATTACCATGACATACGGGCTACGACATAC,29
AATAGGATTACCATGACATACGGGCTACGACATAC,20
AATAGGATTACCATGACATACGGGCTACGACATAC,6
AATAGGATTACCATGACATACGGGCTACGACATAC,22
AATAGGATTACCATGACATACGGGCTACGACATAC,20
AATAGGATTACCATGACATACGGGCTACGACATAC,37
AATAGGATTACCATGAAATACGGGCTACGACATAC,2
AATAGGATTACCATGAAATACGGGCTACGACATAC,37
AATAGGATTACCATGAAATACGGGCTACGACATAC,25
AATAGGATTACCATGACATACGGGCTACGACATAC,42
AATAGGATTACCATGACATACGGGCTACGACATAC,19
AATAGGATTACCATGACATACGGGCTACGACATAC,8
AATAGGATTACCATGACATACGGGCTACGACATAC,34
AATAGGATTACCATGACATACGGGCTACGACATAC,17
AATAGGATTACCATGAAATACGGGCTACGACATAC,44
AATAGGATTACCATGAAATACGGGCTACGACATAC,19
AATAGGATTACCATGAAATACGGGCTACGACATAC,9
AATAGGATTACCATGAAATACGGGCTACGACATAC,24
AATAGGATTACCATGACATACGGGCTACGACATAC,35
AATAGGATTACCATGACATACGGGCTACGACATAC,46
AATAGGATTACCATGACATACGGGCTACGACATAC,28
AATAGGATTACCATGAAATACGGGCTACGACATAC,5
AATAGGATTACCATGACATACGGGCTACGACATAC,42
AATAGGATTACCATGACATACGGGCTACGACATAC,14
AATAGGATTACCATGAAATACGGGCTACGACATAC,28
AATAGGATTACCATGAAATACGGGCTACGACATAC,38
AATAGGATTACCATGAAATACGGGCTACGACATAC,13
AATAGGATTACCATGACATACGGGCTACGACATAC,4
AATAGGATTACCATGAAATACGGGCTACGACATAC,18
AATAGGATTACCATGAAATACGGGCTACGACATAC,35
AATAGGATTACCATGAAATACGGGCTACGACATAC,17
AATAGGATTACCATGAAATACGGGCTACGACATAC,37
AATAGGATTACCATGACATACGGGCTACGACATAC,8
AATAGGATTACCATGAAATACGGGCTACGACATAC,5
AATAGGATTACCATGAAATACGGGCTACGACATAC,35
AATAGGATTACCATGAAATACGGGCTACGACATAC,7
AATAGGATTACCATGACATACGGGCTACGACATAC,31
AATAGGATTACCATGACATACGGGCTACGACATAC,14
AATAGGATTACCATGAAATACGGGCTACGACATAC,27
AATAGGATTACCATGACATACGGGCTACGACATAC,20
AATAGGATTACCATGACATACGGGCTACGACATAC,12
AATAGGATTACCATGAAATACGGGCTACGACATAC,21
AATAGGATTACCATGAAATACGGGCTACGACATAC,30
AATAGGATTACCATGACATACGGGCTACGACATAC,11
AATAGGATTACCATGACATACGGGCTACGACATAC,31
AATAGGATTACCATGAAATACGGGCTACGACATAC,26
AATAGGATTACCATGAAATACGGGCTACGACATAC,31
AATAGGATTACCATGACATACGGGCTACGACATAC,33
AATAGGATTACCATGAAATACGGGCTACGACATAC,3
AATAGGATTACCATGACATACGGGCTACGACATAC,14
AATAGGATTACCATGAAATACGGGCTACGACATAC,16
AATAGGATTACCATGACATACGGGCTACGACATAC,3
AATAGGATTACCATGACATACGGGCTACGACATAC,10
AATAGGATTACCATGACATACGGGCTACGACATAC,4
AATAGGATTACCATGAAATACGGGCTACGACATAC,42
AATAGGATTACCATGAAATACGGGCTACGACATAC,31
AATAGGATTACCATGACATACGGGCTACGACATAC,39
AATAGGATTACCATGACATACGGGCTACGACATAC,2
AATAGGATTACCATGAAATACGGGCTACGACATAC,42
AATAGGATTACCATGAAATACGGGCTACGACATAC,3
AATAGGATTACCATGACATACGGGCTACGACATAC,40
AATAGGATTACCATGAAATACGGGCTACGACATAC,39
AATAGGATTACCATGAAATACGGGCTACGACATAC,22
AATAGGATTACCATGAAATACGGGCTACGACATAC,31
AATAGGATTACCATGAAATACGGGCTACGACATAC,30
AATAGGATTACCATGAAATACGGGCTACGACATAC,7
AATAGGATTACCATGACATACGGGCTACGACATAC,2
AATAGGATTACCATGACATACGGGCTACGACATAC,13
AATAGGATTACCATGAAATACGGGCTACGACATAC,49
AATAGGATTACCATGAAATACGGGCTACGACATAC,10
AATAGGATTACCATGAAATACGGGCTACGACATAC,26
AATAGGATTACCATGAAATACGGGCTACGACATAC,47
AATAGGATTACCATGACATACGGGCTACGACATAC,8
AATAGGATTACCATGAAATACGGGCTACGACATAC,38
AATAGGATTACCATGACATACGGGCTACGACATAC,7